{
    "parent": "builtin/generated",
    "textures": {
        "layer0": "items/bourse"
    },
    "display": {
        "thirdperson": {
            "rotation": [ 0, 90, -90 ],
            "translation": [ 0, 3.5, 1],
            "scale": [ 1, 1, 1 ]
        },
        "firstperson": {
            "rotation": [ 0, -135, 25 ],
            "translation": [ 0, 1, 2 ],
            "scale": [ 1.7, 1.7, 1.7 ]
        },
        "gui": {
            "rotation": [ 0, 0, 0 ],
            "translation": [ -0.2, -2.5, 0 ],
            "scale": [ 1.2, 1.2, 1.2 ]
        }
    }
}

